prov,city,prov_city,land_price
Xizang,Lasa,Xizang-Lasa,3.799472454836655
Hainan,Sanya,Hainan-Sanya,8.863658340054513
Hainan,Wenchang,Hainan-Wenchang,16.766043776562736
Yunnan,Zhaotong,Yunnan-Zhaotong,10.08178422311489
Guangdong,Jieyang,Guangdong-Jieyang,24.796674579419975
Zhejiang,Jiaxing,Zhejiang-Jiaxing,76.95993124535788
Chongqing,Changshou,Chongqing-Changshou,29.31894384105215
Beijing,Pinggu,Beijing-Pinggu,26.88465713436494
Guangdong,Huizhou,Guangdong-Huizhou,15.483916151317564
Guangdong,Chaozhou,Guangdong-Chaozhou,15.118486998600572
Hebei,Zhangjiakou,Hebei-Zhangjiakou,12.094564782238853
Zhejiang,Shaoxing,Zhejiang-Shaoxing,26.67493779346624
Guangdong,Heyuan,Guangdong-Heyuan,8.607755076095236
Liaoning,Liaoyang,Liaoning-Liaoyang,20.4076181354292
Hainan,Qionghai,Hainan-Qionghai,13.083198767839647
Hainan,Danzhou,Hainan-Danzhou,17.718214822479357
Hebei,Chengde,Hebei-Chengde,8.971038209136818
Xinjiang,Alaer,Xinjiang-Alaer,37.130464999839774
Heilongjiang,Haerbin,Heilongjiang-Haerbin,10.458617155474158
Anhui,Bozhou,Anhui-Bozhou,30.37393660246029
Henan,Hebi,Henan-Hebi,42.810879141960555
Liaoning,Dandong,Liaoning-Dandong,8.416859828651981
Xizang,Changdu,Xizang-Changdu,0.7537166498496691
Fujian,Nanping,Fujian-Nanping,10.327336091016097
Anhui,Liuan,Anhui-Liuan,33.60367175984483
Qinghai,Haiximengguzuzangzu,Qinghai-Haiximengguzuzangzu,6.06910078977245
Sichuan,Ziyang,Sichuan-Ziyang,32.81034147792491
Heilongjiang,Yichun,Heilongjiang-Yichun,2.005778016350669
Liaoning,Fushun,Liaoning-Fushun,4.744185702264971
Henan,Xinxiang,Henan-Xinxiang,42.47318405983493
Hunan,Zhangjiajie,Hunan-Zhangjiajie,11.72736002373196
Jiangsu,Huaian,Jiangsu-Huaian,39.230244066225566
Xizang,Linzhi,Xizang-Linzhi,2.5948490861884292
Shanghai,Chongming,Shanghai-Chongming,43.56211795496144
Jiangsu,Lianyungang,Jiangsu-Lianyungang,45.170105098030945
Gansu,Jiuquan,Gansu-Jiuquan,11.922597094604578
Gansu,Qingyang,Gansu-Qingyang,8.478692929398779
Chongqing,Bishan,Chongqing-Bishan,36.51059727824891
Guizhou,Guiyang,Guizhou-Guiyang,12.604804503538267
Chongqing,Jiangbei,Chongqing-Jiangbei,30.187321727186074
Liaoning,Anshan,Liaoning-Anshan,21.447106958556674
Neimenggu,Eerduosi,Neimenggu-Eerduosi,4.629548657328049
Xinjiang,Kekedala,Xinjiang-Kekedala,36.245499934287785
Ningxia,Zhongwei,Ningxia-Zhongwei,9.445494288546694
Xinjiang,Wulumuqi,Xinjiang-Wulumuqi,22.509729440324637
Neimenggu,Huhehaote,Neimenggu-Huhehaote,14.063232178008445
Sichuan,Dazhou,Sichuan-Dazhou,21.969427278679035
Neimenggu,Tongliao,Neimenggu-Tongliao,9.866796837002973
Henan,Pingdingshan,Henan-Pingdingshan,34.83278050493322
Shanghai,Yangpu,Shanghai-Yangpu,4.376570027571874
Chongqing,Yongchuan,Chongqing-Yongchuan,32.529514986527396
Fujian,Sanming,Fujian-Sanming,9.657034781268584
Sichuan,Liangshanyizu,Sichuan-Liangshanyizu,7.408869922843497
Shanxi,Changzhi,Shanxi-Changzhi,8.72399463877058
Anhui,Anqing,Anhui-Anqing,29.408967034675488
Jilin,Baishan,Jilin-Baishan,1.89063671747496
Shanghai,Songjiang,Shanghai-Songjiang,98.29837555634602
Henan,Zhumadian,Henan-Zhumadian,38.28324279429741
Heilongjiang,Suihua,Heilongjiang-Suihua,12.04150813963697
Guangdong,Shantou,Guangdong-Shantou,32.52858383111965
Shanghai,Xuhui,Shanghai-Xuhui,40.14035266231205
Hunan,Loudi,Hunan-Loudi,26.231267954572406
Henan,Nanyang,Henan-Nanyang,33.52324143769168
Yunnan,Wenshanzhuangzumiaozu,Yunnan-Wenshanzhuangzumiaozu,8.799163293821367
Guangxi,Hezhou,Guangxi-Hezhou,10.410591049207426
Sichuan,Guangan,Sichuan-Guangan,30.24073097209665
Zhejiang,Lishui,Zhejiang-Lishui,5.987603000352859
Shanghai,Putuo,Shanghai-Putuo,44.870667300278924
Jilin,Baicheng,Jilin-Baicheng,7.441525370389095
Henan,Sanmenxia,Henan-Sanmenxia,17.269951087915242
Hebei,Cangzhou,Hebei-Cangzhou,32.8445705657367
Sichuan,Zigong,Sichuan-Zigong,33.852194484524084
Guangxi,Laibin,Guangxi-Laibin,12.217745449605259
Hunan,Shaoyang,Hunan-Shaoyang,21.316934699522715
Chongqing,Nanan,Chongqing-Nanan,27.65020389450296
Beijing,Shijingshan,Beijing-Shijingshan,10.77479958013626
Hunan,Yiyang,Hunan-Yiyang,28.95783348894722
Xinjiang,Hami,Xinjiang-Hami,7.953463003468812
Jiangxi,Jian,Jiangxi-Jian,14.00219956625672
Tianjin,Ninghe,Tianjin-Ninghe,37.34284012305428
Shanxi,Jinzhong,Shanxi-Jinzhong,12.220740975146244
Chongqing,Qianjiang,Chongqing-Qianjiang,10.70941005729846
Jiangsu,Wuxi,Jiangsu-Wuxi,48.0616781309703
Anhui,Huaibei,Anhui-Huaibei,25.52132074037801
Yunnan,Diqingzangzu,Yunnan-Diqingzangzu,2.536826663468322
Shanghai,Qingpu,Shanghai-Qingpu,81.59556710736774
Anhui,Huangshan,Anhui-Huangshan,9.263244514456996
Shandong,Qingdao,Shandong-Qingdao,45.851394531864486
Gansu,Pingliang,Gansu-Pingliang,14.368244688692583
Qinghai,Yushuzangzu,Qinghai-Yushuzangzu,0.16611903811356596
Fujian,Quanzhou,Fujian-Quanzhou,16.01505405517183
Guangdong,Shaoguan,Guangdong-Shaoguan,12.438857162982693
Heilongjiang,Daqing,Heilongjiang-Daqing,6.576528681205156
Shanxi,Lüliang,Shanxi-Lüliang,9.609275246343207
Shandong,Rizhao,Shandong-Rizhao,37.1805059577789
Xinjiang,Tumushuke,Xinjiang-Tumushuke,28.018468234925216
Qinghai,Haidong,Qinghai-Haidong,7.769148421744486
Zhejiang,Zhoushan,Zhejiang-Zhoushan,12.028447535242247
Guangdong,Dongguan,Guangdong-Dongguan,17.834495095805398
Hainan,Wanning,Hainan-Wanning,10.779407058190506
Shanxi,Shangluo,Shanxi-Shangluo,4.729177542436089
Hainan,Baishalizu,Hainan-Baishalizu,5.763284707743619
Chongqing,Zhongxian,Chongqing-Zhongxian,20.089257491967764
Shanghai,Pudongxin,Shanghai-Pudongxin,69.70569661105611
Xinjiang,Beitun,Xinjiang-Beitun,23.322309801075818
Anhui,Xuancheng,Anhui-Xuancheng,22.04744051591079
Chongqing,Dazu,Chongqing-Dazu,36.48072552787987
Heilongjiang,Jiamusi,Heilongjiang-Jiamusi,10.181845675446105
Xinjiang,Hetian,Xinjiang-Hetian,21.457279898322906
Sichuan,Bazhong,Sichuan-Bazhong,14.68072093167882
Hebei,Tangshan,Hebei-Tangshan,35.888325578521616
Shandong,Dongying,Shandong-Dongying,25.15866378354876
Shandong,Jining,Shandong-Jining,48.082804732452
Shandong,Jinan,Shandong-Jinan,35.89732502355709
Chongqing,Wanzhou,Chongqing-Wanzhou,22.152479831674036
Beijing,Yanqing,Beijing-Yanqing,8.847214768571579
Shandong,Weifang,Shandong-Weifang,44.19600814064681
Yunnan,Baoshan,Yunnan-Baoshan,8.838542905018517
Chongqing,Fengjie,Chongqing-Fengjie,11.203926789896771
Hunan,Yueyang,Hunan-Yueyang,28.58353089696051
Tianjin,Xiqing,Tianjin-Xiqing,43.10236173156842
Chongqing,Beibei,Chongqing-Beibei,32.4520031867018
Anhui,Suzhou,Anhui-Suzhou,26.04899347634913
Sichuan,Suining,Sichuan-Suining,31.186274658634336
Yunnan,Honghehanizuyizu,Yunnan-Honghehanizuyizu,10.367067935489047
Xinjiang,Shuanghe,Xinjiang-Shuanghe,25.98654920511662
Hainan,Baotinglizumiaozu,Hainan-Baotinglizumiaozu,4.03078512669913
Xinjiang,Boertalamenggu,Xinjiang-Boertalamenggu,16.94540247538516
Chongqing,Tongliang,Chongqing-Tongliang,35.75268940977786
Shandong,Binzhou,Shandong-Binzhou,32.30187521004453
Gansu,Jinchang,Gansu-Jinchang,15.308677835385675
Shandong,Yantai,Shandong-Yantai,29.830465428454435
Fujian,Fuzhou,Fujian-Fuzhou,15.527306822541437
Tianjin,Beichen,Tianjin-Beichen,39.171878116717046
Shanghai,Changning,Shanghai-Changning,16.41433872862782
Chongqing,Wuxi,Chongqing-Wuxi,8.533994778897393
Sichuan,Abazangzuqiangzu,Sichuan-Abazangzuqiangzu,0.8613874915208553
Beijing,Chaoyang,Beijing-Chaoyang,21.59085111277293
Guizhou,Qiannanbuyizumiaozu,Guizhou-Qiannanbuyizumiaozu,8.018025601501126
Hubei,Shennongjialin,Hubei-Shennongjialin,0.8877854561719447
Guangxi,Guigang,Guangxi-Guigang,19.223818181892334
Neimenggu,Alashan,Neimenggu-Alashan,2.176539744222964
Hebei,Langfang,Hebei-Langfang,41.81628155303124
Ningxia,Guyuan,Ningxia-Guyuan,10.533095632833975
Xinjiang,Bayinguolengmenggu,Xinjiang-Bayinguolengmenggu,16.832796217149845
Gansu,Baiyin,Gansu-Baiyin,6.376830192002852
Xinjiang,Kunyu,Xinjiang-Kunyu,18.05479599268472
Heilongjiang,Daxinganling,Heilongjiang-Daxinganling,0.6068592332918857
Qinghai,Huangnanzangzu,Qinghai-Huangnanzangzu,3.9308266819894664
Tianjin,Binhaixin,Tianjin-Binhaixin,18.294212384638513
Beijing,Daxing,Beijing-Daxing,42.539905358696316
Hubei,Shiyan,Hubei-Shiyan,4.596333837154755
Neimenggu,Hulunbeier,Neimenggu-Hulunbeier,2.759820179950832
Hubei,Enshitujiazumiaozu,Hubei-Enshitujiazumiaozu,6.858742626541856
Guangdong,Shenzhen,Guangdong-Shenzhen,10.089895738519207
Shanxi,Yulin,Shanxi-Yulin,4.090079533874647
Jiangxi,Jingdezhen,Jiangxi-Jingdezhen,16.86255459324962
Neimenggu,Wulanchabu,Neimenggu-Wulanchabu,6.648999163655748
Anhui,Hefei,Anhui-Hefei,63.25514053105627
Chongqing,Wulong,Chongqing-Wulong,10.497762214151948
Jiangsu,Nantong,Jiangsu-Nantong,64.6475309869313
Shanghai,Jinshan,Shanghai-Jinshan,92.93058707753406
Jiangsu,Taizhou,Jiangsu-Taizhou,80.80973523567481
Qinghai,Guoluozangzu,Qinghai-Guoluozangzu,0.6272582713117437
Beijing,Changping,Beijing-Changping,14.474457815498944
Hubei,Ezhou,Hubei-Ezhou,41.356122044536484
Xinjiang,Shihezi,Xinjiang-Shihezi,49.407370996347076
Shanxi,Taiyuan,Shanxi-Taiyuan,12.016895148417605
Yunnan,Yuxi,Yunnan-Yuxi,11.379252515420301
Guangxi,Chongzuo,Guangxi-Chongzuo,7.739779408505083
Jiangxi,Yingtan,Jiangxi-Yingtan,19.13167605678659
Hainan,Tunchang,Hainan-Tunchang,9.202051996396351
Liaoning,Yingkou,Liaoning-Yingkou,22.446306907175874
Sichuan,Ganzizangzu,Sichuan-Ganzizangzu,0.8476753734472054
Heilongjiang,Qiqihaer,Heilongjiang-Qiqihaer,10.981608570398864
Heilongjiang,Heihe,Heilongjiang-Heihe,3.857967223499615
Xinjiang,Huyanghe,Xinjiang-Huyanghe,34.3094016276565
Shanxi,Yangquan,Shanxi-Yangquan,4.9380516792302185
Fujian,Longyan,Fujian-Longyan,8.670565477506711
Shanxi,Xian,Shanxi-Xian,19.418947260603286
Hubei,Yichang,Hubei-Yichang,11.302540501047522
Anhui,Chuzhou,Anhui-Chuzhou,49.0538868105061
Ningxia,Shizuishan,Ningxia-Shizuishan,20.603438437671024
Heilongjiang,Jixi,Heilongjiang-Jixi,11.527246546804994
Heilongjiang,Hegang,Heilongjiang-Hegang,15.116357553699622
Sichuan,Chengdu,Sichuan-Chengdu,45.466592934147464
Anhui,Tongling,Anhui-Tongling,39.40099265055108
Guangxi,Nanning,Guangxi-Nanning,14.596199611025744
Fujian,Putian,Fujian-Putian,19.085939178489173
Guizhou,Tongren,Guizhou-Tongren,12.434326737376372
Guangxi,Wuzhou,Guangxi-Wuzhou,8.583239623847584
Sichuan,Yibin,Sichuan-Yibin,23.64585104560571
Shanghai,Huangpu,Shanghai-Huangpu,0.109388558200652
Hainan,Lingao,Hainan-Lingao,24.528575022712264
Liaoning,Panjin,Liaoning-Panjin,42.00892008234895
Jiangxi,Yichun,Jiangxi-Yichun,18.880415332404947
Liaoning,Benxi,Liaoning-Benxi,3.111195847096148
Shandong,Taian,Shandong-Taian,44.470680246658496
Shanghai,Hongkou,Shanghai-Hongkou,0.733479956573162
Xinjiang,Kelamayi,Xinjiang-Kelamayi,2.9316053518972134
Henan,Jiaozuo,Henan-Jiaozuo,37.0014773312987
Guangdong,Zhuhai,Guangdong-Zhuhai,19.425591307951976
Guizhou,Anshun,Guizhou-Anshun,11.425381073040377
Xinjiang,Tulufan,Xinjiang-Tulufan,19.755387253787063
Yunnan,Chuxiongyizu,Yunnan-Chuxiongyizu,11.325754532909547
Hubei,Tianmen,Hubei-Tianmen,51.26306674984279
Shandong,Zibo,Shandong-Zibo,32.34507256183996
Zhejiang,Huzhou,Zhejiang-Huzhou,34.08871677527973
Zhejiang,Hangzhou,Zhejiang-Hangzhou,12.489488063589462
Jilin,Liaoyuan,Jilin-Liaoyuan,12.328716616046199
Jiangsu,Xuzhou,Jiangsu-Xuzhou,41.87280929714793
Yunnan,Dehongdaizujingpozu,Yunnan-Dehongdaizujingpozu,9.919072793193012
Chongqing,Nanchuan,Chongqing-Nanchuan,10.667498646918913
Shanghai,Jiading,Shanghai-Jiading,93.02981623317373
Guangdong,Zhanjiang,Guangdong-Zhanjiang,19.457814929999888
Guizhou,Zunyi,Guizhou-Zunyi,17.791012813600023
Sichuan,Yaan,Sichuan-Yaan,5.147611982538354
Hunan,Huaihua,Hunan-Huaihua,10.147063800975948
Xizang,Naqu,Xizang-Naqu,0.446714747368506
Hubei,Jingmen,Hubei-Jingmen,38.678653086376485
Chongqing,Banan,Chongqing-Banan,29.03030748690643
Sichuan,Neijiang,Sichuan-Neijiang,34.04301673905621
Zhejiang,Taizhou,Zhejiang-Taizhou,14.400014394819236
Hubei,Jingzhou,Hubei-Jingzhou,43.77375618097254
Anhui,Bengbu,Anhui-Bengbu,39.242218068064915
Guangxi,Yulin,Guangxi-Yulin,14.553445495838787
Xizang,Ali,Xizang-Ali,0.26151492803488746
Chongqing,Dadukou,Chongqing-Dadukou,34.80705879806882
Guangdong,Foshan,Guangdong-Foshan,23.467589759278876
Jiangxi,Shangrao,Jiangxi-Shangrao,15.601815550808702
Guangxi,Qinzhou,Guangxi-Qinzhou,12.552804492541497
Shanxi,Baoji,Shanxi-Baoji,12.5321283937041
Jiangxi,Pingxiang,Jiangxi-Pingxiang,13.936123376069762
Guizhou,Qianxinanbuyizumiaozu,Guizhou-Qianxinanbuyizumiaozu,6.880577727593163
Xizang,Rikaze,Xizang-Rikaze,2.8007556672930476
Henan,Zhoukou,Henan-Zhoukou,40.01750546314309
Shandong,Weihai,Shandong-Weihai,25.611443243002164
Shanxi,Xinzhou,Shanxi-Xinzhou,10.711294565061255
Jiangsu,Zhenjiang,Jiangsu-Zhenjiang,58.29410243204681
Guizhou,Qiandongnanmiaozudongzu,Guizhou-Qiandongnanmiaozudongzu,8.211572993155233
Yunnan,Lijiang,Yunnan-Lijiang,6.380666049971946
Gansu,Zhangye,Gansu-Zhangye,10.29292706246148
Guangdong,Jiangmen,Guangdong-Jiangmen,19.124428927410563
Guangdong,Meizhou,Guangdong-Meizhou,11.52613980332168
Guangxi,Baise,Guangxi-Baise,5.20572028450365
Gansu,Gannanzangzu,Gansu-Gannanzangzu,1.452975807634599
Hainan,Changjianglizu,Hainan-Changjianglizu,14.103940167647067
Henan,Anyang,Henan-Anyang,49.53112141720018
Hainan,Ledonglizu,Hainan-Ledonglizu,11.81495584138831
Shanghai,Baoshan,Shanghai-Baoshan,30.002121919435275
Henan,Jiyuan,Henan-Jiyuan,26.219802344057214
Qinghai,Haibeizangzu,Qinghai-Haibeizangzu,1.9255771964806978
Hebei,Xingtai,Hebei-Xingtai,48.3266817618102
Chongqing,Kaizhou,Chongqing-Kaizhou,16.76849517339774
Hubei,Xiaogan,Hubei-Xiaogan,48.35539193669762
Hunan,Zhuzhou,Hunan-Zhuzhou,17.754469618941076
Yunnan,Nujianglisuzu,Yunnan-Nujianglisuzu,2.4997616206928814
Shanxi,Xianyang,Shanxi-Xianyang,28.474277652567352
Neimenggu,Xingan,Neimenggu-Xingan,5.508803178588757
Xizang,Shannan,Xizang-Shannan,2.9509830846786254
Jiangsu,Suqian,Jiangsu-Suqian,35.465974638652796
Gansu,Tianshui,Gansu-Tianshui,15.10155223387498
Hebei,Baoding,Hebei-Baoding,32.07622479643488
Xinjiang,Yilihasake,Xinjiang-Yilihasake,17.348298712175822
Hunan,Hengyang,Hunan-Hengyang,24.009637547213618
Shandong,Heze,Shandong-Heze,39.053556773695604
Anhui,Huainan,Anhui-Huainan,54.899083224769285
Shanxi,Datong,Shanxi-Datong,7.983540556601986
Gansu,Dingxi,Gansu-Dingxi,10.51539716745369
Hebei,Hengshui,Hebei-Hengshui,44.45740609806606
Guangdong,Guangzhou,Guangdong-Guangzhou,20.181833967237285
Henan,Xinyang,Henan-Xinyang,66.57687931221174
Xinjiang,Akesu,Xinjiang-Akesu,29.012979840788006
Sichuan,Mianyang,Sichuan-Mianyang,17.70674678368586
Hubei,Suizhou,Hubei-Suizhou,27.11308795391009
Anhui,Chizhou,Anhui-Chizhou,17.203749405064155
Fujian,Zhangzhou,Fujian-Zhangzhou,15.68714509082123
Jiangsu,Changzhou,Jiangsu-Changzhou,52.80151882007268
Xinjiang,Changjihuizu,Xinjiang-Changjihuizu,24.962670492634413
Heilongjiang,Mudanjiang,Heilongjiang-Mudanjiang,4.06648968197925
Hubei,Xiantao,Hubei-Xiantao,48.7724247933472
Jiangxi,Ganzhou,Jiangxi-Ganzhou,9.29953988045089
Hubei,Xianning,Hubei-Xianning,17.858387132151684
Hubei,Xiangyang,Hubei-Xiangyang,24.092731237852572
Guangdong,Zhongshan,Guangdong-Zhongshan,26.591835557249972
Hunan,Changde,Hunan-Changde,29.527711151816238
Guizhou,Bijie,Guizhou-Bijie,11.344188049177468
Chongqing,Hechuan,Chongqing-Hechuan,31.404995677749902
Tianjin,Baodi,Tianjin-Baodi,40.41130460230131
Tianjin,Wuqing,Tianjin-Wuqing,40.013045099297194
Anhui,Wuhu,Anhui-Wuhu,50.126725797576356
Chongqing,Tongnan,Chongqing-Tongnan,30.09784203380365
Guangxi,Beihai,Guangxi-Beihai,20.151690942409093
Jilin,Tonghua,Jilin-Tonghua,7.456278225315375
Hainan,Chengmai,Hainan-Chengmai,16.91364498837087
Gansu,Linxiahuizu,Gansu-Linxiahuizu,16.307953428986988
Heilongjiang,Shuangyashan,Heilongjiang-Shuangyashan,13.142608113757555
Yunnan,Dalibaizu,Yunnan-Dalibaizu,11.117951548330547
Hainan,Lingshuilizu,Hainan-Lingshuilizu,17.263671727567118
Shanxi,Ankang,Shanxi-Ankang,5.938125169140439
Jiangxi,Xinyu,Jiangxi-Xinyu,20.615536181372082
Sichuan,Meishan,Sichuan-Meishan,37.28051293524112
Xinjiang,Aletai,Xinjiang-Aletai,9.099778064137965
Hunan,Chenzhou,Hunan-Chenzhou,13.74121000766103
Hubei,Qianjiang,Hubei-Qianjiang,45.11900792226457
Qinghai,Xining,Qinghai-Xining,7.917941367593984
Hebei,Handan,Hebei-Handan,51.47334610411724
Henan,Xuchang,Henan-Xuchang,50.65459468872342
Jilin,Changchun,Jilin-Changchun,15.520333134053017
Chongqing,Chengkou,Chongqing-Chengkou,5.250446675889564
Guangdong,Qingyuan,Guangdong-Qingyuan,12.398341413482209
Xinjiang,Tacheng,Xinjiang-Tacheng,22.629866908650616
Yunnan,Lincang,Yunnan-Lincang,6.176274971512521
Jiangxi,Nanchang,Jiangxi-Nanchang,37.113692319593596
Hainan,Wuzhishan,Hainan-Wuzhishan,3.457530788367195
Jilin,Yanbianchaoxianzu,Jilin-Yanbianchaoxianzu,3.563773336264926
Shandong,Zaozhuang,Shandong-Zaozhuang,36.51083306189623
Guangxi,Hechi,Guangxi-Hechi,4.793846843800764
Shandong,Dezhou,Shandong-Dezhou,41.60256522505884
Ningxia,Yinchuan,Ningxia-Yinchuan,20.78448967969936
Guizhou,Liupanshui,Guizhou-Liupanshui,8.419013662712754
Xinjiang,Wujiaqu,Xinjiang-Wujiaqu,22.73780697510743
Jiangsu,Yangzhou,Jiangsu-Yangzhou,54.501474458156956
Shanxi,Hanzhong,Shanxi-Hanzhong,10.39568254082302
Jiangsu,Yancheng,Jiangsu-Yancheng,62.561413514958346
Zhejiang,Ningbo,Zhejiang-Ningbo,23.04778563526399
Beijing,Shunyi,Beijing-Shunyi,50.66346727522227
Chongqing,Shizhutujiazu,Chongqing-Shizhutujiazu,8.877143525435981
Liaoning,Dalian,Liaoning-Dalian,18.119098804354838
Sichuan,Panzhihua,Sichuan-Panzhihua,9.244413336787977
Guangxi,Fangchenggang,Guangxi-Fangchenggang,6.0656134265144805
Hainan,Dongfang,Hainan-Dongfang,13.37961734780706
Guangdong,Yunfu,Guangdong-Yunfu,12.312917777090199
Qinghai,Hainanzangzu,Qinghai-Hainanzangzu,4.526910259192589
Shanghai,Minhang,Shanghai-Minhang,82.63842344749847
Shanxi,Shuozhou,Shanxi-Shuozhou,14.700769451924995
Beijing,Fengtai,Beijing-Fengtai,21.755865712519288
Yunnan,Xishuangbannadaizu,Yunnan-Xishuangbannadaizu,4.7497883769332425
Liaoning,Chaoyang,Liaoning-Chaoyang,12.167994196219865
Henan,Luohe,Henan-Luohe,51.01184391003246
Guangdong,Shanwei,Guangdong-Shanwei,17.372822976507887
Liaoning,Jinzhou,Liaoning-Jinzhou,19.47066357409118
Sichuan,Deyang,Sichuan-Deyang,48.071552298048175
Liaoning,Shenyang,Liaoning-Shenyang,25.060191605681787
Hubei,Wuhan,Hubei-Wuhan,42.79031617973349
Hubei,Huanggang,Hubei-Huanggang,29.755962300124356
Beijing,Huairou,Beijing-Huairou,6.305970094992013
Jiangxi,Fuzhou,Jiangxi-Fuzhou,13.27446467880834
Henan,Shangqiu,Henan-Shangqiu,36.947679907081024
Chongqing,Yubei,Chongqing-Yubei,28.844070460859133
Hunan,Yongzhou,Hunan-Yongzhou,18.870974157173173
Beijing,Mentougou,Beijing-Mentougou,0.631893417265151
Tianjin,Dongli,Tianjin-Dongli,43.475512836596636
Sichuan,Luzhou,Sichuan-Luzhou,23.156899866846754
Anhui,Fuyang,Anhui-Fuyang,35.86395436982839
Chongqing,Yunyang,Chongqing-Yunyang,14.484789226259434
Gansu,Lanzhou,Gansu-Lanzhou,9.764403268148849
Tianjin,Jinnan,Tianjin-Jinnan,39.073516605751806
Shanghai,Fengxian,Shanghai-Fengxian,88.68309514111581
Beijing,Tongzhou,Beijing-Tongzhou,41.26897715048665
Shanxi,Tongchuan,Shanxi-Tongchuan,10.065196422382497
Zhejiang,Quzhou,Zhejiang-Quzhou,11.989172731957034
Neimenggu,Xilinguole,Neimenggu-Xilinguole,2.103107029871597
Hunan,Changsha,Hunan-Changsha,24.987079200459032
Tianjin,Jizhou,Tianjin-Jizhou,27.355855405687166
Tianjin,Nankai,Tianjin-Nankai,5.634964809214697
Chongqing,Rongchang,Chongqing-Rongchang,35.74007553278049
Zhejiang,Wenzhou,Zhejiang-Wenzhou,12.5352277165236
Hebei,Shijiazhuang,Hebei-Shijiazhuang,45.89266336477561
Hunan,Xiangtan,Hunan-Xiangtan,29.72146890127132
Tianjin,Jinghai,Tianjin-Jinghai,42.13112991421648
Shanxi,Jincheng,Shanxi-Jincheng,6.877206353186268
Shandong,Liaocheng,Shandong-Liaocheng,47.20781248443462
Liaoning,Huludao,Liaoning-Huludao,14.310851851529748
Beijing,Fangshan,Beijing-Fangshan,18.231256959713242
Shanxi,Weinan,Shanxi-Weinan,30.148998860464577
Chongqing,Xiushantujiazuandmiaozu,Chongqing-Xiushantujiazuandmiaozu,14.03526897748039
Shanxi,Yuncheng,Shanxi-Yuncheng,23.376178377855183
Fujian,Ningde,Fujian-Ningde,10.39435848465192
Chongqing,Youyangtujiazuandmiaozu,Chongqing-Youyangtujiazuandmiaozu,8.905565538312233
Guangdong,Maoming,Guangdong-Maoming,16.5983163758729
Guangdong,Yangjiang,Guangdong-Yangjiang,15.195808533067282
Liaoning,Tieling,Liaoning-Tieling,13.73800322651396
Neimenggu,Wuhai,Neimenggu-Wuhai,8.247189445858622
Hunan,Xiangxitujiazumiaozu,Hunan-Xiangxitujiazumiaozu,9.95221043813285
Tianjin,Hedong,Tianjin-Hedong,0.063926970402594
Shanxi,Linfen,Shanxi-Linfen,9.916743687126967
Jilin,Jilin,Jilin-Jilin,9.223728702248916
Chongqing,Jiangjin,Chongqing-Jiangjin,20.59990569486959
Chongqing,Fuling,Chongqing-Fuling,20.3706487994089
Beijing,Haidian,Beijing-Haidian,35.04397145457703
Hebei,Qinhuangdao,Hebei-Qinhuangdao,21.510423734781085
Guangxi,Guilin,Guangxi-Guilin,11.923734010160029
Heilongjiang,Qitaihe,Heilongjiang-Qitaihe,8.83298880244469
Hainan,Haikou,Hainan-Haikou,19.26643747046607
Chongqing,Qijiang,Chongqing-Qijiang,22.480696798097405
Guangdong,Zhaoqing,Guangdong-Zhaoqing,12.642325479104844
Gansu,Wuwei,Gansu-Wuwei,12.073513576623318
Yunnan,Puer,Yunnan-Puer,5.193134262554265
Ningxia,Wuzhong,Ningxia-Wuzhong,4.656463104223009
Guangxi,Liuzhou,Guangxi-Liuzhou,9.357482091905762
Henan,Zhengzhou,Henan-Zhengzhou,42.640429342568154
Yunnan,Kunming,Yunnan-Kunming,14.590613603115418
Chongqing,Dianjiang,Chongqing-Dianjiang,29.038296043886174
Chongqing,Shapingba,Chongqing-Shapingba,33.61665344567408
Jilin,Songyuan,Jilin-Songyuan,9.267580911406501
Fujian,Xiamen,Fujian-Xiamen,19.13489912011424
Chongqing,Liangping,Chongqing-Liangping,23.08185119367056
Gansu,Jiayuguan,Gansu-Jiayuguan,4.92957669245297
Henan,Luoyang,Henan-Luoyang,22.510556259164904
Hainan,Dingan,Hainan-Dingan,21.153176229699532
Beijing,Miyun,Beijing-Miyun,8.901966555685108
Sichuan,Nanchong,Sichuan-Nanchong,26.09237643935116
Chongqing,Wushan,Chongqing-Wushan,9.925918792979163
Shanxi,Yanan,Shanxi-Yanan,5.643817852451668
Neimenggu,Bayannaoer,Neimenggu-Bayannaoer,18.093914218948814
Jilin,Siping,Jilin-Siping,12.021157666712408
Jiangxi,Jiujiang,Jiangxi-Jiujiang,14.53260847720536
Zhejiang,Jinhua,Zhejiang-Jinhua,16.99925660967135
Hainan,Qiongzhonglizuandmiaozu,Hainan-Qiongzhonglizuandmiaozu,3.472600425928255
Shandong,Linyi,Shandong-Linyi,33.80105887133787
Anhui,Maanshan,Anhui-Maanshan,51.81761146699403
Henan,Kaifeng,Henan-Kaifeng,45.79209562818645
Neimenggu,Chifeng,Neimenggu-Chifeng,10.116508686036353
Jiangsu,Suzhou,Jiangsu-Suzhou,53.677599289323915
Jiangsu,Nanjing,Jiangsu-Nanjing,51.39774615488369
Yunnan,Qujing,Yunnan-Qujing,13.843931204452714
Sichuan,Guangyuan,Sichuan-Guangyuan,12.701151145039521
Sichuan,Leshan,Sichuan-Leshan,16.224981971242016
Chongqing,Fengdu,Chongqing-Fengdu,16.914575577476835
Chongqing,Jiulongpo,Chongqing-Jiulongpo,34.80519978588307
Chongqing,Pengshuimiaozuandtujiazu,Chongqing-Pengshuimiaozuandtujiazu,10.373849171498403
Gansu,Longnan,Gansu-Longnan,8.640028268238552
Xinjiang,Kezilesukeerkezi,Xinjiang-Kezilesukeerkezi,10.447155769641823
Liaoning,Fuxin,Liaoning-Fuxin,12.174648445044484
Xinjiang,Tiemenguan,Xinjiang-Tiemenguan,22.119990827544427
Xinjiang,Kashi,Xinjiang-Kashi,38.549662003901716
Hubei,Huangshi,Hubei-Huangshi,21.974523362878895
Henan,Puyang,Henan-Puyang,50.11047653958322
Neimenggu,Baotou,Neimenggu-Baotou,11.61799220589064
